Ticker,FloatShares
TLIH,5469796
CJET,25543304
ELWS,1071093
PN,10349910
SDM,7147750
NCT,3954250
JEM,5142516
BNC,787205
FGNX,1166518
NAKA,2529641
YMAT,3346303
SOS,205514398
BIVI,1614601
TZUP,3497446
ASPSZ,
VEEA,5798144
BGLWW,11893331
TLSIW,
ISPC,5423730
CIIT,7526349
MLEC,4012679
TMCWW,181367912
SPRC,534582
STAK,1828000
SCNX,7907603
SLXN,560964
MASK,1111100
LCDL,0
YSXT,8854764
CYCC,1584980
HYPD,2665756
ARAI,3473836
INTJ,4120501
ARBKL,0
CMBM,12620346
LZMH,4606500
MIMI,17496168
LGHL,79833
BZAIW,412419620
ASPSW,
USARW,54877699
CREV,1838404
RUBI,
LGCL,15456507
TRUG,754156
NAMM,3116134
GORV,3723326
TWG,26031263
YORKW,
MDAIW,
RCT,4901947
TGE,0
YOUL,
TAOX,1306843
RTACW,
ATHR,4014718
MB,4647630
CIGL,1437596
SBDS,830180
VSEE,6257593
AEHL,2521257
NVFY,9639634
ROMA,56195895
BRNS,37212847
DFSC,1067503
ZSPC,4695476
KIDZ,7178867
MGRT,2727300
GTBP,3038040
BGL,11893333
NRSN,17826657
NIOBW,
SONN,6156549
NUWE,75963
CGTL,1437491
QNTM,2851332
AIFU,2026288
CNSP,573502
EMPD,44676497
YYGH,9991636
ENLV,22657929
AUROW,9527979476
SEAT,3151576
HCHL,0
HUBC,9728395
AACG,9211129
VBIX,6873359
SORA,4863995
FPAY,8045487
PGYWW,3242423015
DOGZ,5615392
ACXP,1376104
NCPL,4186584
FOXX,1348518
WBUY,468149
XXII,400054
FEAM,4596643
RBOT,2981060
GWH,5839575
SAIH,10110448
MCTR,3441230
IMNN,2450184
VRCA,5292937
AMBR,17843341
PXLW,4901387
SBLX,616133
BNZI,2099395
DAVEW,1543146570
CRMLW,75842482
IONZ,0
UPC,552605
PLBL,
PC,2405555
IBG,5541552
MSW,2047163
ADAG,29395848
AISPW,21219173
INKT,1124567
GTENW,35880000
TCRT,1656875
CNTB,14343869
CELU,13380920
NDLS,32527812
CURR,9340155
JXG,3449322
BDRX,36
NEOV,28966102
ALBT,1485368
JZXN,54787341
JDZG,791934
,30876600
LUNG,35938419
EUDA,18401587
GVH,296542
KYIVW,
GNLN,1386550
LVLU,966587
RPID,22259809
JUNS,14609204
OBLG,1523248
PRTG,559079
NAAS,1495016
VIVK,17838202
AREB,6891813
SLE,786894
RNAZ,833683
LICN,660474
BGM,2832616
LIXT,3542634
KMRK,6205890
PHH,5373166
BDMD,12478758
AQMS,665552
BIYA,2802978
GIPR,4401178
IMCC,870957
ICG,12761425
KXIN,10950550
MTEN,2322105
BULLW,51687160
RDHL,2280096
BRRWW,23134493
FGI,508229
AARD,12391616
FTRK,21812500
SDOT,6971780
SCLX,5462846
MAXN,5706995
LCFY,1118681
DRMA,498470
MDCX,3702170
CLGN,9857659
SNYR,1618172
PPBT,13534
SCAG,26777961
GRAN,1891997
RADX,819522
MRAL,0
CMCT,698560
TELA,31403920
UHGWW,
STEM,7747727
IROH,6459999
SOUNW,824847861
MAMK,1466100
BSGM,19079863
ETHMW,14142757
ANNA,9387147
HSDT,114002
WXM,1115950
TDIC,8384882
WLDS,964594
VVOS,3192484
OCG,13728910
ZEO,27560828
MKZR,1522326
JFBR,366992
HXHX,3794697
BNR,900468
FEBO,3062498
XCUR,1844213
APLM,773023
TRNR,1546851
VRAX,3904056
CCM,123029
TBHC,11522240
MVLL,0
FTHM,12146318
EVLVW,133747699
ATLN,28730723
TLSA,31558519
UBXG,13054103
NOTV,29612375
LVWR,9291833
LSB,8995289
JFB,1581329
AGMH,1832279
UCL,14890125
NTCL,7197793
CDTG,5009952
PHOE,5500008
ULY,1102151
RDZN,25080259
LTRN,8198839
BLIV,5270190
PLUT,386053
XOS,2939249
RBNE,1089999
AFRIW,5430895
ZYXI,17799358
FATBP,4363384
QTTB,4462260
FGL,2528794
SQFT,1158563
RLYB,20559459
CNVS,15958853
WTO,2835317
OPTX,5982168
GLMD,2226760
TAOP,571446
ANTE,1770235
APVO,2997251
ATLX,9502055
NAOV,771300
MAMO,4713464
BTCM,15469683
SNSE,827416
NMTC,44011859
AIHS,991327
XAGE,927220
MRSN,3888461
MNY,19670795
OLB,1859030
OKYO,23704918
MEIP,6150339
TIRX,50167288
LOCL,1896383
SNAL,35908439
ERNA,3381857
ARTL,699970
VHC,3506223
CHR,6382685
ARTW,2401354
BTOC,11435225
SAGT,3842395
GMGI,12063047
FTFT,2289088
CYN,7035542
SRTS,13501185
MTEX,945551
CING,5231030
RUMBW,972685655
UPLD,20412682
XTLB,5315265
WFF,7910647
WALD,11803432
PRLD,42467249
AGAE,10996738
ECOR,5177069
RGTIW,793508318
KWM,0
OWLT,8840283
CALC,6002680
GREE,11338934
GCMGW,51323155
CSAI,17508836
CAMP,2641927
MST,0
UXIN,205927921
SYTA,8892980
RYET,12731514
GELS,4261830
BIRD,7291572
BFRI,8598998
CLLS,85910084
SST,2305074
KOD,48683436
EVOK,1473707
TWNP,2641381
APYX,32186172
WTF,6348051
ISSC,15267731
HURA,32232405
FBGL,4134375
FLUX,12254083
MBX,16195501
FMST,9049855
TECX,10585547
EVEX,50483486
FTCI,7847706
GENVR,471503234
NCEW,4350009
TLYS,29128543
AIRJW,19657433
GCTK,565410
SLN,37668508
XAIR,4618770
CYCN,2017949
APDN,513980
RCEL,24514924
STI,1405981
FCUV,3472869
LIQT,7094219
BWEN,19878731
XIN,341462
PEPG,27862579
HTCO,1876550
AHG,37533895
PCAPW,
HUIZ,21934078
IMA,419760826
NWTG,4159224
SPAI,6382570
SPPL,2916578
DMRC,16291382
ASPS,9229157
SGMT,26129345
RIME,2454031
BAFN,3376439
EMPG,527760
LRHC,480267
WKSP,4941917
JAGX,1522830
IPW,12759308
WENNW,
GRNQ,4518012
STG,12737860
NDRA,752628
FRGT,2282269
AIXI,8989501
MYSE,4697898
SIEB,13225296
ABVC,13417397
GCL,34282638
ITRM,43679494
LVRO,6447717
GRI,2514100
CARV,3684262
TBH,5809673
TEAD,27930797
RETO,2460716
MGX,21893001
PODC,6119201
KRKR,26207720
EHGO,19960677
ONFO,3063701
PMCB,6090364
ICON,2180226
FORD,1236725
LEE,4271295
NWGL,2429011
PASG,2856397
ARTV,5381728
ACOG,12460684
TACOW,31698466
NXPL,13980452
IPWR,8169425
MATH,22484227
QLGN,1556375
LRE,1176750
VERU,12594350
MNTN,43334793
SSII,7477142
KUKE,2186477
VIOT,75338141
SLSN,18204077
DBGI,4491321
VSA,43942166
IVDA,2761332
CTSO,51725137
NXXT,24797184
NCI,1035029
ASTI,2784415
XELB,3386371
CLRO,1734917
VSTL,
TTNP,947408
ANEB,24430195
HOVR,27339076
LITM,7823360
AACIW,23710000
ENGS,2189520
LHSW,17785040
TPCS,8935330
BBOT,447845
MBIO,6030394
SNBR,16401746
PNBK,58398961
SPCB,3512404
PFAI,3625011
NEPH,9236567
THCH,10163757
SILO,7597684
NLSP,2267444
YXT,57348283
INV,26346577
BEEM,13452482
KSCP,8139178
CIFRW,1627692852
INEO,1200603
LNKS,5105434
ADTX,2431150
RILYP,15848976
OXBR,6337957
FATN,6128305
DYAI,25006421
SUUN,23870053
GBIO,4611878
BMR,10896971
FTEK,23901278
BOXL,2201703
INTZ,17465235
DLPN,6999237
ZBAI,702124
AVTX,10460143
RELI,2129798
ELBM,17699307
ADV,87184629
ARMG,0
ONEG,3999970
GTEC,9447555
RZLVW,333023549
CDT,2648967
MYNZ,4527693
GENK,28203980
HYPR,72121645
SKYE,18099828
FLX,31793051
RDGT,3629403
SFHG,4544094
HCAI,1082994
HSCS,2033040
TROO,40429031
IMTE,2926477
YHGJ,8754135
LVO,90408653
IKT,43708456
BLBX,1827988
LEDS,2669155
LITB,8744938
CREX,7124608
MOBX,31470138
IMMX,17167396
DTCK,3182141
GMM,25419682
ELDN,55834628
MXCT,97598281
VS,1756604
VTYX,63189759
AIIO,175095041
ORKT,21620932
CRVO,5991126
VATE,5062036
CELZ,2528454
DOMH,7192433
PRPL,103185974
OPXS,5348099
METCB,55276426
CVV,5249708
CSTE,20519199
WBX,4357527
JLHL,1351552
AIRS,11672535
AUID,11326182
MAAS,120404099
HBNB,
SOPA,4540553
ALUR,6678551
TKNO,10566683
REBN,2457763
UHG,21055494
AENT,3068552
IMDX,7775413
GEOS,11755466
MOBBW,1888806005
QTRX,39258481
ONCY,98087722
XRTX,3624889
DSY,5376930
PRZO,16006410
MDAI,14963479
AVR,30362352
KZIA,357553
RFIL,8327105
SCOR,3445946
PAYS,38992787
BRCC,81266905
GSUN,1635725
MSGY,2394500
EKSO,2434551
GSIT,21685616
CORZW,277961385
LSTA,6840708
SHIM,3748594
ZJK,4993241
MOB,6868385
FUFU,94787267
ANY,26873578
QSG,54681786
SEED,5928062
ZYBT,4418772
NIXX,20637404
APRE,5074931
SWVL,6214194
OMSE,15300211
MSAI,24011323
ATOM,29481029
YGMZ,75986917
CTXR,10533575
ABTS,1331751
NEXM,14811577
AIRG,9804736
HAO,16907675
AP,14590308
CDIO,1761006
FNGR,43605943
SSP,70744783
NTRB,5130218
SVRE,1987734409
NVX,103098285
DHX,39329255
MTEK,4348679
FIEE,393061
RAPP,17463415
ZTEK,99158694
FRGE,8465769
CCCXW,41699858
UEIC,10860745
SVCO,7312578
FBRX,10576456
ANVS,16604093
INBS,7338947
NXDT,38510991
COCP,7010306
QUIK,14709812
JFU,4622564
AGEN,29657256
CUE,76266789
MAZE,12660144
ISPO,1657810
JBIO,22390594
TRAW,3947564
MTC,25141563
AMTX,57536914
KPTI,7959619
GIFT,16917416
QRHC,15705087
HOUR,1698259
TTGT,28392857
SMSI,15671433
NYXH,17070193
CHNR,523381
FAMI,1311047
WYHG,25735053
RNTX,21308994
KYTX,22471746
CXAI,17123163
EVTV,2938339
TRVG,69820754
SOBR,1213000
CISO,14754486
DMAC,22774749
WAVE,5607284
AWRE,11420553
MSGM,744861
OCC,5075428
AKTX,16242
ZKIN,3756840
NXGL,8531832
TSE,32834862
DLXY,4317450
BCG,4360895
LINK,1635002
CPIX,8339515
IQST,2333986
FBLG,30014490
VALN,81020632
BTM,18570173
RAPT,8367167
TOYO,3315126
SNES,4110464
IONR,46612870
SNTI,7994557
CLRB,2960358
OABI,87418046
SAFX,24208099
CISS,642226
FLWS,54282273
NINE,33494877
BACQR,
RITR,20411321
STRZ,11064153
ABOS,46905072
ALGS,4263495
SNCR,10171812
BYSI,29776974
SURG,14004370
TTEC,19634066
XHG,4364
CRIS,10953848
MNDR,3548452
OSS,17424603
IVA,50519309
SYBX,7389341
GITS,1999425
DTI,13553004
LYEL,8605772
EVAX,5102445
RNXT,35383448
CVKD,1384340
LOOP,21709533
IH,14721776
CSCI,3100416
NVA,3228539
REFR,28268290
HCAT,66779901
LXEO,21790245
ELTX,6812074
RNAC,8432370
ENVB,2143658
ATRA,3896629
INLF,1999999
ALM,149420765
HUHU,2633421
SOPH,52362633
GOCO,18355259
SUGP,4019541
SCKT,5408142
REVB,1699573
NBTX,37832927
ZBIO,10067270
SPWR,52585533
SRZN,4798285
EDBL,2920927
SPWH,35951476
COCH,10191200
ESGL,15782536
WETO,5381600
NRXP,16471959
VYGR,45312961
CVGI,26713692
HTZWW,298650620
MGRX,5115737
MYSZ,2989832
BLRX,79412673
CBUS,31984186
TLSI,15024517
ZVIA,49728243
GHRS,41938128
ELUT,25940323
LANV,30718280
ADGM,15102716
ACET,65777661
UONEK,24833000
BRAG,17716859
AEI,941633
OM,16980951
JWEL,1829169
LEXX,17958083
VGAS,6719728
CRGO,22503669
GNLX,33098145
MCRB,6452617
RMCF,5033500
SERA,24997862
CMTL,26372052
DAIC,0
ALAR,6763804
FULC,47949282
ADSE,26639278
PROF,26545813
PLCE,6333723
CHEK,4389010
NIPG,26179867
FHTX,28349908
LFWD,14816709
RFL,23536077
APLT,124183419
IZEA,12202496
TRUE,67936249
NTWK,9240891
UOKA,649073
MBAVW,28750000
NTHI,4239683
WBTN,15516524
SLDE,72436745
XWEL,4079157
VRAR,15097193
GFAI,18303521
AMPG,17395678
NCTY,4479346
QVCGP,7798472
NVCT,13840430
MULL,0
BTCT,9500449
USIO,16400317
ATER,7351789
BTMD,43552149
ISPR,18535470
CYRX,47782142
VIVS,2572005
AMWL,11931706
GANX,34185680
MGNX,58063031
ACIU,61063030
PLUR,3959332
PLRX,54042979
ARCT,24862334
SKYX,69498237
CTNM,20327484
QVCGA,7798472
CENN,32279917
QNCX,41112864
CLYM,58645356
RENT,2255454
IMRX,26048750
LPRO,101584606
PMTS,5722507
BNRG,2149568
SIFY,69977307
EHTH,27614633
ATHE,8630877
NXTC,1878843
OBIO,41962068
DOUG,70389433
GALT,43937102
XPOF,26149827
BLIN,8777820
NCRA,5972873
GAUZ,10422589
COOT,5044913
AISP,21219173
BHST,13476670
PAL,21369172
ZCMD,3485754
CPSH,11289098
BKYI,4518894
IPHA,59218340
AIRJ,19657433
TRDA,22412094
INNV,20046055
IRIX,11983632
KORE,4663957
MASS,26420470
WEST,33745243
IHRT,115331935
SOND,10126371
YIBO,3472076
CURI,30604781
DSP,14831542
GURE,9310401
REE,21031360
BOLT,1328941
KLXE,14527554
BEAT,25185290
BOOM,17059530
BMHL,3352582
HONDW,
GCTS,39475636
DBVT,27298458
CBAT,70534222
CSBR,5196197
ADUR,17671874
STRO,78316694
FMFC,8740080
PMVP,44727234
AAME,3832735
BIOX,36397160
KLTR,80156011
BDTX,43339093
NGNE,12059627
GRWG,54295476
VTGN,27727072
SXTC,116028000
ADVM,13845270
HNRG,28533697
HPK,18570457
TPST,4220256
NISN,3080861
MDIA,48264300
DXR,2065759
BAER,33741851
LBGJ,3084005
COOK,57366041
FOSL,46909097
RAIL,23599149
SI,17747317
VTSI,10529111
PDSB,44868932
TLX,275426378
COEP,3018114
VEEE,1910839
ZNTL,57219249
DXLG,48375218
PMEC,6814313
XBIO,1254282
DXST,1220310
CMCM,601458
ARBB,1281666
SAVA,41976521
KPLT,2926760
HBB,7476886
ELIL,0
DARE,8709564
HOTH,12705463
YSG,90330325
SWAG,8958568
GNSS,35028783
MCHX,36141713
SPRO,37765498
ACTU,6164577
DUOT,13027519
TBI,28565854
IDAI,2013356
OPRX,16739187
ATXS,45287539
KALA,5705346
BAOS,903256
LOT,673415937
RAVE,8124885
GLTO,1144660
LYRA,1644450
COYA,15530926
DOMO,32007398
QIPT,35844341
BMGL,5231363
NIU,90036457
CNEY,3010000
AEYE,7744067
CVRX,15535077
EVGN,8577983
SRI,27090379
JSPR,13618298
GRCE,10103908
DCGO,84915623
CLIR,40813612
LPTH,39138210
ESOA,11600186
WKEY,1409352
BBLG,1794507
PIII,1835304
CNCK,10998100
SHMD,14224941
PRTS,54724487
PUBM,47764165
ERAS,160904148
SDHC,8160206
BZFD,20640818
RXT,70892265
PBYI,37729669
SJ,14896923
KOSS,5281360
ALZN,2805340
NEUP,1791534
NTRP,4434482
ACRV,22310073
OKUR,8028242
QMCO,6056297
MDBH,8900465
DERM,12808299
FLD,8727004
NSPR,26270815
PACK,76891464
LGO,63906610
ZURA,40981013
TOMZ,11691374
KPRX,3183164
CMMB,991339
CAPT,29428740
HOWL,33916650
ORKA,30688039
PERF,35297093
POAI,10732304
BARK,102546544
PETS,14213179
HFFG,38296563
CNTY,25599685
RRGB,14958999
FRSX,18125444
EDUC,6308566
MIND,7801384
FAT,5215891
KRNT,45322785
ALTI,55834535
BFRG,7289423
IMTX,95213396
SBC,2460526
CNTX,58821017
MX,30418359
AEBI,2559671
SKLZ,11269402
GETY,112812829
MIRA,14334137
KLRS,4309224
POLA,1700579
NKTX,53122632
JFIN,49412026
CMRC,54364581
MYPS,87483885
ALMS,66798342
VANI,29933395
ATPC,18397236
FLL,33111176
STKS,24525221
GHG,10172754
TCRX,46097803
CERO,1138719
CRBP,10712012
WETH,11889536
ENSC,2546450
PRQR,71504859
LSH,2519160
FTK,13699013
TMCI,45259419
NNAVW,62350971
AURA,41552480
BBAR,204005675
PYXS,44144632
EWCZ,36751765
SCYX,39775242
SONM,14003406
PRSO,4449427
ASYS,11148859
KNDI,71484641
SPIR,23676374
NRIX,74935778
WDH,35448626
BBNX,32777124
MGTX,54158785
PHAR,67071193
BHAT,7204834
DH,38500448
PSHG,10199861
AZ,31456745
NAUT,59897114
AFCG,16947261
UNCY,10995756
SUNE,3406235
LVTX,13023859
ELVA,26503521
CLNN,5540484
DBI,39746135
EFOI,3222092
DTIL,9473176
MNTK,46298251
VRA,18293527
DSGN,31108526
AYTU,5397481
NRDY,34299746
SFWL,19843853
GROV,21338068
INAB,3878319
AMST,3596166
GLUE,46179294
KMTS,22230374
ETHMU,14142757
LINC,29207465
MODD,50156393
RILYZ,7470706
VERO,1468353
CMND,5224621
ENGN,21630020
RMCO,4879404
BCDA,4048166
XNCR,66995405
MBI,43970154
DOYU,301766550
CURV,36360690
ARQ,34150227
EBON,6539102
GYRE,16197779
XCH,15223161
CSPI,6829217
RLMD,26439200
SOHO,13876250
CBLL,20332406
ULBI,10010542
XYF,17165221
ACON,582369
ANIK,13721085
CBIO,4612192
XRPI,
PANG,0
CARL,9699190
WPRT,15149505
CNET,1909348
EYPT,60272255
MURA,12667710
WRAP,33809792
CV,3640707
ONEW,12261216
ADCT,88147128
BGSF,10072769
CDROW,15048821
RGNX,45778897
BCYC,61221040
SILC,5125409
LZM,28060627
VNCE,2513925
TANH,1261421
ORGO,59156549
EDSA,5355876
CADL,37776172
TTSH,28364582
ZENV,19825201
TZOO,7311851
CMTG,113031265
NVDG,
ALTO,68008413
GDHG,35278683
CGEM,36277825
DCTH,32627023
QD,95271748
NMG,30043226
PHUN,20085688
MKTW,1883543
ALTG,19338920
EXFY,58149956
ORN,36709404
ENTX,31820357
GLSI,6106442
GSRTR,
ICCC,5825744
AVD,26328464
GTIM,7877417
PULM,3652264
PYPD,6658734
MEC,15529808
LCUT,11596963
ASUR,25101389
THRY,40506193
EGHT,130529270
FORR,11295513
NERV,5437019
IMNM,79331942
IRD,27717061
MPAA,15162138
FORA,13193357
OESX,2869549
OTLY,28276342
SSTI,9424821
KINS,10592398
BCAX,30870781
SGHT,27363537
SNT,13465477
FGEN,3739018
PAMT,5247048
IFRX,62810788
AVBP,21604180
ARKR,1562559
LOMA,49809623
BVS,45420941
XLO,18365738
MTVA,8675298
MOGO,20065909
EGAN,17916355
NL,8298205
CXDO,13318989
HNNA,4628466
BOF,7206249
TYRA,33775001
SINT,2126517
INVE,19478230
PLBY,48382556
SYRE,51117607
ESLA,10346454
NMAX,30833868
SMHI,21783658
ANTA,2258695
EQS,5258674
VRDN,73552588
RILYT,6902336
MARPS,1611634
MTW,33622389
AMPY,32676739
LPCN,5261588
SIGA,40505437
CRNT,82627825
BNGO,3351919
OLMA,52832281
NNBR,43875985
FENC,23210691
ENTA,19863831
DDL,157014999
LFVN,10037465
MDXH,38406317
TCX,8814828
CODA,5579308
SXTP,3124474
TARA,33993200
CLAR,28797586
SGLY,4203490
LUCY,2214569
CLPT,24337663
PDFS,31527498
AALG,
SDA,63609821
QUAD,34746652
IMRN,5795588
OGI,90385623
PYPG,0
KRO,21472341
THS,49930360
LTRX,28971951
EDAP,37192038
CEPU,96648414
OEC,54299118
NPCE,23563059
PSFE,29895726
DJTWW,226288941
MATV,53158509
SGRP,11061464
AMTD,1168101
LE,11562683
OPAL,16800675
RDCM,12613376
TEO,430702638
BCTX,1732867
ATNI,9851214
BNED,8896180
AMCX,42415473
MSPR,5849725
AXTI,42154745
OPRT,31519532
IDN,18633206
MNDO,15879787
DLTH,17229496
YI,8458850
WHWK,18950786
CRVS,54386725
BWMX,17126244
HSON,2569543
SBFM,4552533
GAMB,19729904
MMLP,25921026
API,22560936
DRIO,37741598
SPT,50035100
GAIA,22557330
JG,5478736
CLMT,69219753
DAIO,8235737
XGN,14720606
BEEP,11468910
INSG,14442402
SMWB,47287304
PLSE,12596381
KRMD,43668217
SGC,10625338
LUXE,12083924
EB,87541308
HMR,57570075
PRTH,25203867
MAX,30000104
JTAI,2478472
DTSS,3599561
HOFT,10395900
WNW,1660847
NEXN,18219787
FARM,15567633
BOLD,14941700
RILYG,4500912
TBCH,11297903
CMCO,27886262
STOK,45915563
XBIT,19500664
KTTA,6837930
ALDX,58171505
RCUS,65427925
YALA,52827876
DRTS,50921290
DENN,49813386
BMEA,49879429
YQ,8596037
HEPS,275537387
RYAM,63680000
ALVO,108965245
IPM,5877154
TC,256084
BALY,4600210
DWSN,30931836
TSMG,0
RELL,11954335
MNOV,46477012
BLZE,49001885
NOA,25891186
ZBAO,18546277
CPSS,9130990
YTRA,46564836
WILC,3192748
PRE,8628987
ODV,101060552
TLF,7608499
POWW,88026014
ALLT,33914868
CANG,101115862
LUCD,40265325
DAVA,59453450
CARS,55494871
ZKH,51704307
CRMG,0
ASLE,32354949
CCLD,25393919
JRVR,35838379
RDI,27833778
USEG,12061298
ETON,22733462
VOC,10890795
HERZ,
CRSR,45109518
RPAY,65868760
AVIR,64314652
RGP,32042177
PESI,14775144
DWTX,1624934
OPINL,2438665
UIS,65821975
CNDT,140220565
FBIOP,5351519
MAGN,34476250
ADBG,0
USAU,11640710
TUSK,46189466
JL,1235131
SEPN,18179589
ZH,37824384
UONE,25323690
ARKO,74844904
CGEN,91554413
BNTC,24554245
GEG,24023102
EWTX,74561791
CTOS,64511374
ANGI,36199774
HGBL,30433502
FLOC,19606169
WNC,39183220
INCR,35372626
ILPT,52302287
USGO,1474399
LSAK,45544026
RMNI,47568869
CATO,14714211
HLLY,50999616
GNE,12442858
CRCT,177504147
TORO,8722606
SBGI,60486185
CLPR,13411589
CLB,46376561
JVA,4981495
INM,1994355
PKOH,9689452
CIA,44541441
XPER,40528064
VREX,40960375
CODI,66401036
CORZZ,284980900
IRS,7622549
LOVE,13039514
SNCY,46262746
MDWD,7435913
PXS,4478024
FBIO,21259447
INGN,23288003
HURC,5889237
LFCR,33468436
CRESY,61372521
SIBN,38329481
LSE,1524997
HYMC,27673937
SEGG,22357562
SHEN,49018773
GILT,56995865
UK,1908989
WOK,13325216
FTLF,7943661
NRC,12450784
NUS,47538086
TOUR,35663649
STKL,109843320
COYY,
SKIL,4161331
MESO,78774417
YJ,4913044
PRO,43610081
BHR,58693584
KZR,6236609
JCAP,11230831
CMPOW,72603452
OSUR,69472397
COHU,45408219
ZYME,72941806
FA,78893957
CAL,32329416
TSL,0
GLBS,15122433
SND,30273644
TWI,47665510
ADTN,68883717
CCG,35270802
IMMP,145551236
LIND,36757294
MED,10470462
HITI,69179392
BRTX,5626407
DAAQW,
DIBS,23825687
HKD,99519475
CDZI,51680007
LXU,53377986
RSKD,122342085
BAND,27506213
QCML,0
PERI,42241650
ANIX,30461908
RZLT,75108431
ANRO,21495703
NTIC,7808265
GOTU,376849980
ARAY,107779694
BON,6852703
TXMD,11339925
GFR,24095280
VHI,2401110
OPRA,27941574
TWIN,10941760
ENFY,8526631
MGIH,1249998
SWIM,41591858
ABEO,45607867
DAPP,0
HGTY,325239026
NESR,47779906
TBRG,14351975
PACS,39102247
AMBC,41775357
MRAM,17101905
NCMI,65866486
EVC,61163175
CEE,6456206
AVNS,44740826
UFI,14874351
TRAK,11964535
JILL,6903804
MTLS,24248185
SYPR,12289521
TH,32003650
EEX,16736637
CHCI,3203902
EMBC,54307761
BAK,203319879
ACTG,94732619
BRY,75227728
KALV,37456283
PBPB,26107086
NRDS,71656769
HQI,5642100
HCM,170418426
KGEI,30884883
ASMG,0
LILA,163779849
FPH,49923793
CULP,11183225
APWC,3925530
WHG,7034552
BOSC,5218383
AMDD,0
ONL,54428711
NRT,8872338
AII,8451370
GDOT,48423633
ESCA,8638880
TCMD,21397272
LITP,0
EVCM,14863427
WTTR,93575661
ZUMZ,14025428
RDAGW,
BBCP,22429574
CMP,33012781
ASRT,92983333
INR,13172209
EGBN,27720762
CINT,125976448
TACT,9083039
BZUN,53257273
HTLD,42903572
MCHB,64057
OIS,56121928
QVCD,
DTST,4085412
INN,102801219
JCTC,2585191
UZF,94742717
SOHU,29928391
QVCC,
BSET,7282832
AUDC,20909734
MDXG,116457345
GDTC,4430227
JYNT,13785154
SNFCA,15386662
SRG,37470503
RBBN,144305361
SKRE,0
IMPP,19755720
AHT,6038894
RMAX,16610899
USEA,7138175
CDRO,15048821
PRAA,37289165
NHTC,7471771
EPRX,27785803
SLP,16268070
LAW,22974617
ABL,36669332
QNST,53253727
VSTA,26709361
ASRV,13539680
PMTRW,
AOUT,10795947
MAMA,33324810
VIRC,13044067
PKST,35715764
YRD,14575263
SKYH,23846877
BHFAM,56526981
EHAB,43873537
AAUC,75072316
IHS,161243373
CLWT,3341522
RSSS,26689068
RNGR,19830184
FNWB,7374913
VMD,33694663
INVX,36918060
BWAY,16789732
JAKK,8354916
NABL,66333951
BTF,0
VLRS,93952153
PBT,41940602
ADEA,106542030
EPSN,19625690
CMDB,9222482
ACRE,50999576
GPRK,32234304
AMRN,20683712
FFWM,71447697
CLCO,21402844
LSPD,122419758
CCRN,30888242
MLP,6628941
FC,10608884
LFT,33100762
GPMT,44243287
KFS,20297740
III,33121393
DHC,216898408
MD,85531837
USCB,10194847
LPL,999930000
BIOA,21048417
CAAS,10837436
PKE,17211881
SKE,90182587
ANTX,16250705
EGY,101358272
NGL,104031788
DSWL,4587632
MUD,
TG,30174771
LUCK,131932655
VNDA,55021406
MFIN,15677367
LAKE,8987243
INSE,24641222
EVO,350605734
ARDT,24472634
LXFR,26389295
SEER,33297517
KROS,33902770
TTAM,24542700
KTCC,10003401
PANL,29999073
MESA,32218121
FVR,18664424
DSX,63370235
DAO,106522440
FINW,8874895
MCS,29294457
MEI,33673050
BHFAN,56526981
IAS,74891942
UZE,95807660
NATR,16194489
MTUS,35616226
MSIF,0
ACEL,50894826
OFIX,38704019
VOXR,43108222
AFRI,5430895
UTZ,69684667
KELYA,30386195
TENX,4139063
KVHI,10325802
ORMP,32894605
DRD,42813881
TSQ,12586692
MTRX,26438709
RSVR,33876564
GMRE,62732354
BLCO,36469761
KMDA,31076449
ONTF,35367093
NOAH,12808174
KEP,1283911308
HCSG,71575102
FF,25317899
MRC,82906847
IEP,29391788
MPX,8517571
GRNT,63425202
LNKB,24169603
GASS,25431472
FKWL,8442355
GROW,12370899
BBDO,7558015485
NODK,6531285
ABUS,148795613
IMXI,27526065
YEXT,98930753
CHMI,35624021
VINP,32413416
ERO,94479967
ERII,51276926
STHO,12796599
INGM,21312093
CEPO,19600009
NEXA,43522501
GBTG,182866274
MYE,36611825
MGIC,25871403
SAFE,49626808
LAND,33650938
BHFAP,163982848
BV,71194549
GLDD,65936266
ACIC,24692260
RVSB,20058574
OSPN,35647779
IMOS,28060965
ASC,38565324
SSSS,21878489
VET,152028070
ATEN,69744506
ACCO,86368476
BHFAO,56526981
SJT,44193811
SA,81401623
KBSX,34451915
RTACU,0
SB,55297923
ZGN,60919770
CMRE,43325594
DLX,43821241
MG,19067304
ANGO,38434549
RMBI,8256378
PX,81814769
GEL,88355971
DLHC,12233977
KW,117975104
ICMB,12088150
DRVN,59186781
YORK,
NAVI,96720312
SHIP,13590865
SUNS,9618686
HDSN,38294654
MITK,44155124
DDI,593120
ACNT,7830964
RPTX,30823183
AVS,
BLFY,18738489
AVAL,143968565
TBPH,46290545
SNTG,1059326
MRTN,57501229
IMMR,26983415
EFXT,122343975
DAKT,43370432
MSBI,20253381
SPNT,107002717
SD,31361756
FVCB,14854942
VBNK,20422879
AUNA,56139968
CNNE,49603065
BCBP,14871504
YORKU,
AFYA,24475549
DHCNI,0
NFBK,36290426
CGNT,60166752
CHCT,26672186
WAFU,1444559
GWRS,11321829
RTAC,31161287
DEC,38742231
LMNR,16456558
AOMR,18201220
NHPBP,28031867
EZPW,55355197
CTRM,9651112
TPVG,39376617
LOCO,27012357
BRT,10408940
FRST,19256097
ILIT,0
CCIF,21014564
NPKI,79689280
RMR,28632174
GIFI,14362033
MITT,28274805
GNK,33325574
PDM,122831039
PVL,23621631
TK,50884616
MOV,14832499
OPBK,11560797
FIHL,54579740
KNOP,24127728
WNEB,17829843
HSHP,24504106
AGRO,131665045
LCNB,13193524
ELP,744070829
HRZN,41977034
OOMA,24051882
NEWT,24679413
BCAL,23177667
OCS,34954302
SAMG,8053493
BWLP,82835472
OCFC,55430738
GHI,23008855
DLNG,17331026
RBB,16205004
CLBK,26687133
SPOK,20254403
MNR,28060879
NPB,15029040
BVN,142166609
NVGS,32248062
PSBD,13252217
METD,0
BWB,20584035
BOC,29392112
TRC,24567453
SHBI,30045651
VFS,49561779
JMSB,12415732
OCCI,27089500
TURN,8359813
TXO,35049126
PAX,148953023
AHH,78814376
CCU,119452888
MANU,118207685
NBBK,31457330
DOLE,68177793
NHPAP,28031885
CLDT,47635019
OSBC,41815803
FFIC,31502985
SELF,10406517
HOPE,121505026
LNSR,9409861
BRSP,126751299
PHI,80007614
SWBI,43097200
NREF,16602384
CRWS,9340167
LOAN,8631780
HTBK,58857677
VEL,22800470
UBFO,13150222
MDV,9181552
DCOMP,41887866
MOMO,180115151
CARE,21789486
MRBK,8608960
CVBF,129316007
HOND,21049888
PCYO,23142961
BPYPO,357195691
KRNY,58632878
HBNC,42819493
MRCC,20867051
SPH,62434880
AIPO,
DGICA,15680957
MVO,7608883
GCMG,180472632
RPT,44539273
OTF,0
ICL,720314108
BPYPP,357195691
UMH,79364791
GGLS,0
LIEN,19770786
AMZD,0
TCPC,84727647
CION,51617032
PFS,116164868
CBAN,16156003
TKC,871630586
BSBR,751280542
RNW,222625160
VRE,90627834
EBMT,7288411
NFXS,
FRBA,22111711
FPI,39459743
PDLB,19434914
BPYPN,357195691
TSMZ,
GLRE,25920286
JRSH,5933672
EARN,37049822
HLVX,22742632
BFIN,10813370
FMNB,36040445
DALN,4006764
BSM,171886507
TLK,473726963
SEVN,14479638
ECBK,7470946
CFFN,122478909
BCIC,12870347
KRP,81399345
PBFS,10931628
TRTX,68890790
BPYPM,
NMR,2952359413
CIM,78689681
PNNT,65000308
HOVNP,34901820
WSBF,15398833
OCFT,36387325
MGRM,14834836
CRT,5999700
DHCNL,42075752
HONE,37648627
VIV,1595845481
AVBC,
PINE,12829127
ENIC,1383320933
KREF,54415604
PMT,86151829
AVO,41925954
BVFL,8228237
EBF,24212612
DWSH,0
FCF,102251895
REFI,17866455
WSR,44141658
FBRT,80838577
NIKL,0
MLNK,29288143
TQQY,0
PSTL,29483413
SRBK,7542703
CCAP,29820498
SVII,2213427
CGBD,72283616
OXSQ,70530792
BHFAL,139389791
PRT,7272047
SGU,27437441
RWAY,35816656
WENNU,0
EWZS,0
TBLD,0
ATLO,8720520
WDS,1894684073
CTO,31480639
GSBD,113973325
CZWI,8978309
XOVR,0
HGLB,0
GOOD,45954878
SCM,27233393
THQ,41377048
MXE,4387612
CEPT,22375692
MSFD,0
NCDL,42871825
SWKH,11430424
OCSL,87792439
LND,47145007
OFS,13322387
MFIC,90186513
THW,39846851
GF,16159656
BIPH,0
FONR,5888631
RMT,46359575
EEA,6694809
JEQ,14141544
TEF,5637916796
BCSF,64445946
EIC,17841319
CHN,9989740
PFLT,98238222
FBLA,17897233
USOY,0
KBDC,64194482
ALEX,71995574
NMFC,83213442
VGSR,0
TRIN,66474693
TNGY,
MSDL,86560875
SOL,51266913
BNH,0
HQH,53859883
TDF,25351275
LSBK,2775234
BTX,1683004
MMD,18774260
GGT,32194711
GAIN,37275835
JOF,0
KYN,167646316
ARI,137395052
GUG,0
HFRO,55319275
HQL,26939594
RVT,114906531
IGR,139868759
SPMC,14876117
LADR,112223419
TFSL,279328347
CAEP,3666900
PBBK,2278491
KBWY,0
EMF,15170017
BBDC,104470208
MXF,14351676
GUT,87293821
WHF,18229702
DTCR,0
PFH,2045272229
SLRC,42622526
JRS,28892124
NAZ,11595792
IAE,10406812
PSO,679222877
MHF,20490405
PVBC,15925447
FSCO,0
PCAPU,0
SBXD,13026850
GGZ,5476803
CGO,9646123
MGRB,348037903
CAF,17041867
NBXG,0
ASG,53421906
RQI,134368355
SWZ,12966706
BEPI,0
LOKV,21249988
SABA,28178925
YSPY,0
GSRT,16378899
BMEZ,0
CPZ,0
LGI,11362734
BNY,23561562
CXE,30904521
EVN,39652005
BEPH,0
PAI,8968226
GHLD,28325343
MGF,30413174
IFN,39891674
WAFDP,77629286
OZKAP,113432000
KBWD,0
AFGE,71328149
DTB,1652400827
GRX,15522881
GBAB,26680732
CIO,38615291
QQQT,0
XFLT,74615799
AWP,86419833
MUA,38286562
BIT,42174345
HBANP,1448467897
VCV,47946116
BRR,23134493
DTG,1627959808
ETY,157496959
ONCHU,
JCE,15791333
BIPI,0
RLTY,0
VVR,148275600
BCX,78184142
FUND,14025445
GCV,19144662
MGRD,386830541
PNI,23870829
DMA,8937810
CHY,79090936
CIF,17117276
MEGI,0
EDD,50798496
CSQ,160093201
CHI,77834666
EOD,39317228
MFM,39658469
GNT,16168163
EVG,0
NCV,22589391
JSM,0
CHW,63847986
NFJ,94799419
BGY,92880092
NPCT,0
PGZ,6474395
NDMO,0
LANDO,0
MIY,28964568
NNY,17975298
PCAP,31739928
EFAS,0
SOJE,5700586641
FT,25130718
BGR,25452101
ACGLN,360507380
NBB,29394447
USA,294581807
FID,0
NMT,7782038
IHD,17197818
BRW,42527245
EDF,23713115
MCN,21114187
ETV,116742040
CGABL,0
TEI,42901711
LANDP,0
UAE,0
NMCO,0
YQQQ,0
AGD,20926418
DSM,49367012
RFMZ,0
IGA,16963567
VTN,14266977
RCS,46642736
BYM,25902419
ECAT,0
RMMZ,0
RIV,21056970
AFGC,481699804
MIN,111287502
OIA,47638610
RMI,6371072
PIM,48169844
NXN,3773404
CVAC,95498796
EXG,305900511
EOT,15619900
RGT,5214870
SPE,0
BCAT,0
BDJ,176907664
ETJ,64404524
BGT,25434139
DPG,37079466
BOE,54323290
PCQ,56078981
MVT,20860231
TEAF,0
SCD,0
IGD,74714496
BWG,16790305
AOD,105427204
BGH,15641907
BBN,61748936
NCZ,19026635
DHF,59801549
AFB,28741364
BGX,10870895
TACOU,30328282
NCA,32971529
FTRI,0
GDO,7154889
BXMX,104164166
GLDY,0
MYN,38301093
IDE,0
RFI,26682598
RMM,0
LEO,58976837
SPXX,16993087
ETW,107486570
NMS,5786533
NMI,9964449
RFM,0
MQY,71833600
AVK,34447606
TASK,8156121
QAT,0
MUC,94179661
GDL,0
GAB,305402758
MVF,57334266
BGFV,21236675
MUE,21917990
NMAI,33339840
MHN,30240904
EFT,26442202
ETB,29374288
IIM,47066470
STEW,51035847
GDIV,0
OPP,30626278
NPFD,0
PMM,0
PML,125448426
EMD,58442372
NAC,144577422
MPA,12949496
BGB,44659531
FTHY,0
ZTR,55540234
ETX,10880878
KKRS,0
WENN,
HIX,83957299
HYT,0
PDT,0
BSL,13004819
NMZ,114986014
DAAQ,22999998
BFK,43854493
MMU,54617816
VBF,9119834
FTQI,0
GHY,32561592
BTZ,93317593
BLE,47726479
KIO,41575960
NIM,12030398
BFZ,30042555
PPT,95563486
EHI,28481960
MSD,15935083
MHD,52141443
GECC,8859393
HEQ,0
DIAX,34493459
FOF,27608744
MYI,66467167
HYI,21054673
TSI,43318850
NXJ,0
JGH,23160920
FCT,25979450
JRI,27415712
MBS,0
VPV,17069076
GTEN,45075001
MCR,41688400
PGP,11540925
NXC,6130323
JQC,135604660
NVG,213519010
VKQ,55328970
CMU,25095673
SBI,13386183
MUJ,53182972
HIO,89063634
NKX,47348186
IQI,52878458
FINS,0
AXINU,
PMO,28560614
JLS,5213521
MDIV,0
DMB,17286915
EFR,0
NUW,17404647
MMT,55291469
ESN,0
WIW,46850669
BKN,17203683
WDI,0
NEA,298980339
PCM,12185151
GOF,162403076
DBL,18313100
NQP,37211733
ACP,121626944
FMN,0
MQT,22154190
NZF,193712920
PFN,93347911
WEA,11166063
THTX,36333855
WIA,17676064
MBAV,35937500
BHK,54166466
FFC,48169709
SDHY,0
VMO,67438676
MYD,45733408
NPV,17842783
ISD,27195882
PAXS,0
HPI,26685458
NRK,87223174
NAN,30876600
VGM,54229993
DNP,369815271
BTA,13439510
VLT,6114733
EQV,43853859
PFO,13070277
RDAG,0
KTF,0
ARDC,23862291
NUV,207541377
AACIU,29626137
VGI,11006526
CXH,8057332
FPF,60836056
PFL,44834847
HPS,32021661
IGI,5553516
NAD,233366021
BLW,38232155
RA,55226575
PCF,0
FLC,10229594
PFD,12840004
PHK,171490799
TACO,30328282
DMO,10627809
HPF,21571786
EVF,17852652
FRA,33447080
DSL,111482665
DSU,54485709
RAAQ,23000000
PDO,0
ALDF,27528983
NXP,44710300
AWF,86203313
PHD,0
BKT,24289780
DLY,0
JHI,8295613
JFR,133901165
PHT,28821549
RAC,23060006
INACU,2576115
ZIMV,27200653
AACI,30880000
UYSC,7128055
PCN,62218732
ALTY,0
OACC,24582800
PMTR,24212992
IPCX,34473299
JPC,321644667
BSAAU,1057403
BACCU,0
AOHY,0
LWACU,
RSF,4171648
NPACU,25876184
AACT,49359718
CCIX,35760712
CCIIU,
PTY,0
BSCV,0
COPL,11952466
TACH,21159885
GTERU,
CHAC,29417263
NETD,38123741
MTAL,60842163
VNMEU,
LDSF,0
HCMAU,6806351
NPAC,25876184
BEAG,24135530
BSCU,0
ATMV,1967695
BACQ,33152553
JENA,0
FGMC,10289623
FIGXU,
KCHVU,0
OYSE,4776187
IBTK,0
GPAT,34079998
SZZL,23200003
EGHA,
AAM,32219750
PACHU,4400000
CCCX,41699858
WTG,1094150
ALF,15871425
APADU,
MACI,21621600
BSCT,0
DMAA,28928377
BCARU,
NMPAU,
JACS,29403820
DRDB,23000000
SOUL,26221820
SOCAU,
ORIQU,
OBAWU,25300000
BACC,0
FACT,0
BLUW,3782873
BLUWU,3819410
CUB,30666702
KCHV,0
BSCR,0
IPOD,11464263
MAYA,11784374
HYAC,28197653
TVA,22499999
ATII,23309995
SDHI,34838002
LPAA,15959988
LPBB,28750000
CGCT,27600000
PLMK,23495660
SPEGU,
KFII,27177363
CRAQ,0
AACB,22147902
ANSC,43124999
HVII,26023299
AXIN,
GIG,14684000
GTERA,
COLA,5678181
GSHR,14537553
INAC,2643294
TVAI,19360442
PGAC,6330511
BSCQ,0
FERA,30763243
NHIC,18861174
SIMA,21054814
FSHP,6899996
POLE,28951111
LCCC,8905000
TDAC,21907500
